{
  "images" : [
    {
      "filename" : "blizzardApp_background_heroes-7d33c3317b39f4a482c555781773aa7e7f3c255ba4cec3f72980e987e075c4540fd36af736b7a3f51aa3265460a30c8c13e6883bf1643f2c27d60a48cbafbe52.jpg",
      "idiom" : "universal",
      "scale" : "1x"
    },
    {
      "filename" : "blizzardApp_background_heroes-7d33c3317b39f4a482c555781773aa7e7f3c255ba4cec3f72980e987e075c4540fd36af736b7a3f51aa3265460a30c8c13e6883bf1643f2c27d60a48cbafbe52-1.jpg",
      "idiom" : "universal",
      "scale" : "2x"
    },
    {
      "idiom" : "universal",
      "scale" : "3x"
    }
  ],
  "info" : {
    "author" : "xcode",
    "version" : 1
  }
}
